{
  "video_capture_index": 0,
  "flip_vertically": false,
  "flip_horizontally": true,
  "show_debug_windows": true,
  "primary_lower_threshold": [
    36,
    101,
    109
  ],
  "primary_upper_threshold": [
    77,
    216,
    255
  ],
  "primary_min_confidence": 1.3964705425238853e-05,
  "secondary_lower_threshold": [
    103,
    96,
    112
  ],
  "secondary_upper_threshold": [
    124,
    255,
    255
  ],
  "secondary_min_confidence": 4.652758311518568e-06,
  "stretch_factors": [
    1.4915,
    1.9492
  ],
  "nudge_addends": [
    0.12400000000000011,
    -0.24060000000000004
  ]
}